section,route,viewport,change_type,severity,diff_path,actual_path,expected_path,run_dir
Appearance,appearance/appearance/list,unknown,visual-regression,medium,/Users/mike.gifford/drupal-diff/report/20260604-080909/test-results/vrt-appearance-appearance-list-default-state-narrow-dark/appearance-list-diff.png,/Users/mike.gifford/drupal-diff/report/20260604-080909/test-results/vrt-appearance-appearance-list-default-state-narrow-dark/appearance-list-actual.png,/Users/mike.gifford/drupal-diff/report/20260604-080909/test-results/vrt-appearance-appearance-list-default-state-narrow-dark/appearance-list-expected.png,/Users/mike.gifford/drupal-diff/report/20260604-080909
Appearance,appearance/appearance/list,narrow,visual-regression,medium,/Users/mike.gifford/drupal-diff/report/20260604-080909/test-results/vrt-appearance-appearance-list-default-state-narrow/appearance-list-diff.png,/Users/mike.gifford/drupal-diff/report/20260604-080909/test-results/vrt-appearance-appearance-list-default-state-narrow/appearance-list-actual.png,/Users/mike.gifford/drupal-diff/report/20260604-080909/test-results/vrt-appearance-appearance-list-default-state-narrow/appearance-list-expected.png,/Users/mike.gifford/drupal-diff/report/20260604-080909
Appearance,appearance/appearance/list,unknown,visual-regression,medium,/Users/mike.gifford/drupal-diff/report/20260604-080909/test-results/vrt-appearance-appearance-list-default-state-wide-dark/appearance-list-diff.png,/Users/mike.gifford/drupal-diff/report/20260604-080909/test-results/vrt-appearance-appearance-list-default-state-wide-dark/appearance-list-actual.png,/Users/mike.gifford/drupal-diff/report/20260604-080909/test-results/vrt-appearance-appearance-list-default-state-wide-dark/appearance-list-expected.png,/Users/mike.gifford/drupal-diff/report/20260604-080909
Appearance,appearance/appearance/list,wide,visual-regression,medium,/Users/mike.gifford/drupal-diff/report/20260604-080909/test-results/vrt-appearance-appearance-list-default-state-wide/appearance-list-diff.png,/Users/mike.gifford/drupal-diff/report/20260604-080909/test-results/vrt-appearance-appearance-list-default-state-wide/appearance-list-actual.png,/Users/mike.gifford/drupal-diff/report/20260604-080909/test-results/vrt-appearance-appearance-list-default-state-wide/appearance-list-expected.png,/Users/mike.gifford/drupal-diff/report/20260604-080909
Configuration,config/config/media/file/system,unknown,visual-regression,medium,/Users/mike.gifford/drupal-diff/report/20260604-080909/test-results/vrt-config-config-media-file-system-default-state-narrow-dark/config-media-file-system-diff.png,/Users/mike.gifford/drupal-diff/report/20260604-080909/test-results/vrt-config-config-media-file-system-default-state-narrow-dark/config-media-file-system-actual.png,/Users/mike.gifford/drupal-diff/report/20260604-080909/test-results/vrt-config-config-media-file-system-default-state-narrow-dark/config-media-file-system-expected.png,/Users/mike.gifford/drupal-diff/report/20260604-080909
Configuration,config/config/media/file/system,narrow,visual-regression,medium,/Users/mike.gifford/drupal-diff/report/20260604-080909/test-results/vrt-config-config-media-file-system-default-state-narrow/config-media-file-system-diff.png,/Users/mike.gifford/drupal-diff/report/20260604-080909/test-results/vrt-config-config-media-file-system-default-state-narrow/config-media-file-system-actual.png,/Users/mike.gifford/drupal-diff/report/20260604-080909/test-results/vrt-config-config-media-file-system-default-state-narrow/config-media-file-system-expected.png,/Users/mike.gifford/drupal-diff/report/20260604-080909
Configuration,config/config/media/file/system,unknown,visual-regression,medium,/Users/mike.gifford/drupal-diff/report/20260604-080909/test-results/vrt-config-config-media-file-system-default-state-wide-dark/config-media-file-system-diff.png,/Users/mike.gifford/drupal-diff/report/20260604-080909/test-results/vrt-config-config-media-file-system-default-state-wide-dark/config-media-file-system-actual.png,/Users/mike.gifford/drupal-diff/report/20260604-080909/test-results/vrt-config-config-media-file-system-default-state-wide-dark/config-media-file-system-expected.png,/Users/mike.gifford/drupal-diff/report/20260604-080909
Configuration,config/config/media/file/system,wide,visual-regression,medium,/Users/mike.gifford/drupal-diff/report/20260604-080909/test-results/vrt-config-config-media-file-system-default-state-wide/config-media-file-system-diff.png,/Users/mike.gifford/drupal-diff/report/20260604-080909/test-results/vrt-config-config-media-file-system-default-state-wide/config-media-file-system-actual.png,/Users/mike.gifford/drupal-diff/report/20260604-080909/test-results/vrt-config-config-media-file-system-default-state-wide/config-media-file-system-expected.png,/Users/mike.gifford/drupal-diff/report/20260604-080909
Configuration,config/config/overview,unknown,visual-regression,medium,/Users/mike.gifford/drupal-diff/report/20260604-080909/test-results/vrt-config-config-overview-default-state-narrow-dark/config-overview-diff.png,/Users/mike.gifford/drupal-diff/report/20260604-080909/test-results/vrt-config-config-overview-default-state-narrow-dark/config-overview-actual.png,/Users/mike.gifford/drupal-diff/report/20260604-080909/test-results/vrt-config-config-overview-default-state-narrow-dark/config-overview-expected.png,/Users/mike.gifford/drupal-diff/report/20260604-080909
Configuration,config/config/overview,narrow,visual-regression,medium,/Users/mike.gifford/drupal-diff/report/20260604-080909/test-results/vrt-config-config-overview-default-state-narrow/config-overview-diff.png,/Users/mike.gifford/drupal-diff/report/20260604-080909/test-results/vrt-config-config-overview-default-state-narrow/config-overview-actual.png,/Users/mike.gifford/drupal-diff/report/20260604-080909/test-results/vrt-config-config-overview-default-state-narrow/config-overview-expected.png,/Users/mike.gifford/drupal-diff/report/20260604-080909
Configuration,config/config/overview,unknown,visual-regression,medium,/Users/mike.gifford/drupal-diff/report/20260604-080909/test-results/vrt-config-config-overview-default-state-wide-dark/config-overview-diff.png,/Users/mike.gifford/drupal-diff/report/20260604-080909/test-results/vrt-config-config-overview-default-state-wide-dark/config-overview-actual.png,/Users/mike.gifford/drupal-diff/report/20260604-080909/test-results/vrt-config-config-overview-default-state-wide-dark/config-overview-expected.png,/Users/mike.gifford/drupal-diff/report/20260604-080909
Configuration,config/config/overview,wide,visual-regression,medium,/Users/mike.gifford/drupal-diff/report/20260604-080909/test-results/vrt-config-config-overview-default-state-wide/config-overview-diff.png,/Users/mike.gifford/drupal-diff/report/20260604-080909/test-results/vrt-config-config-overview-default-state-wide/config-overview-actual.png,/Users/mike.gifford/drupal-diff/report/20260604-080909/test-results/vrt-config-config-overview-default-state-wide/config-overview-expected.png,/Users/mike.gifford/drupal-diff/report/20260604-080909
Configuration,config/config/performance,unknown,visual-regression,medium,/Users/mike.gifford/drupal-diff/report/20260604-080909/test-results/vrt-config-config-performance-default-state-narrow-dark/config-performance-diff.png,/Users/mike.gifford/drupal-diff/report/20260604-080909/test-results/vrt-config-config-performance-default-state-narrow-dark/config-performance-actual.png,/Users/mike.gifford/drupal-diff/report/20260604-080909/test-results/vrt-config-config-performance-default-state-narrow-dark/config-performance-expected.png,/Users/mike.gifford/drupal-diff/report/20260604-080909
Configuration,config/config/performance,narrow,visual-regression,medium,/Users/mike.gifford/drupal-diff/report/20260604-080909/test-results/vrt-config-config-performance-default-state-narrow/config-performance-diff.png,/Users/mike.gifford/drupal-diff/report/20260604-080909/test-results/vrt-config-config-performance-default-state-narrow/config-performance-actual.png,/Users/mike.gifford/drupal-diff/report/20260604-080909/test-results/vrt-config-config-performance-default-state-narrow/config-performance-expected.png,/Users/mike.gifford/drupal-diff/report/20260604-080909
Configuration,config/config/performance,unknown,visual-regression,medium,/Users/mike.gifford/drupal-diff/report/20260604-080909/test-results/vrt-config-config-performance-default-state-wide-dark/config-performance-diff.png,/Users/mike.gifford/drupal-diff/report/20260604-080909/test-results/vrt-config-config-performance-default-state-wide-dark/config-performance-actual.png,/Users/mike.gifford/drupal-diff/report/20260604-080909/test-results/vrt-config-config-performance-default-state-wide-dark/config-performance-expected.png,/Users/mike.gifford/drupal-diff/report/20260604-080909
Configuration,config/config/performance,wide,visual-regression,medium,/Users/mike.gifford/drupal-diff/report/20260604-080909/test-results/vrt-config-config-performance-default-state-wide/config-performance-diff.png,/Users/mike.gifford/drupal-diff/report/20260604-080909/test-results/vrt-config-config-performance-default-state-wide/config-performance-actual.png,/Users/mike.gifford/drupal-diff/report/20260604-080909/test-results/vrt-config-config-performance-default-state-wide/config-performance-expected.png,/Users/mike.gifford/drupal-diff/report/20260604-080909
Configuration,config/config/site/info,unknown,visual-regression,medium,/Users/mike.gifford/drupal-diff/report/20260604-080909/test-results/vrt-config-config-site-info-default-state-narrow-dark/config-site-info-diff.png,/Users/mike.gifford/drupal-diff/report/20260604-080909/test-results/vrt-config-config-site-info-default-state-narrow-dark/config-site-info-actual.png,/Users/mike.gifford/drupal-diff/report/20260604-080909/test-results/vrt-config-config-site-info-default-state-narrow-dark/config-site-info-expected.png,/Users/mike.gifford/drupal-diff/report/20260604-080909
Configuration,config/config/site/info,narrow,visual-regression,medium,/Users/mike.gifford/drupal-diff/report/20260604-080909/test-results/vrt-config-config-site-info-default-state-narrow/config-site-info-diff.png,/Users/mike.gifford/drupal-diff/report/20260604-080909/test-results/vrt-config-config-site-info-default-state-narrow/config-site-info-actual.png,/Users/mike.gifford/drupal-diff/report/20260604-080909/test-results/vrt-config-config-site-info-default-state-narrow/config-site-info-expected.png,/Users/mike.gifford/drupal-diff/report/20260604-080909
Configuration,config/config/site/info,unknown,visual-regression,medium,/Users/mike.gifford/drupal-diff/report/20260604-080909/test-results/vrt-config-config-site-info-default-state-wide-dark/config-site-info-diff.png,/Users/mike.gifford/drupal-diff/report/20260604-080909/test-results/vrt-config-config-site-info-default-state-wide-dark/config-site-info-actual.png,/Users/mike.gifford/drupal-diff/report/20260604-080909/test-results/vrt-config-config-site-info-default-state-wide-dark/config-site-info-expected.png,/Users/mike.gifford/drupal-diff/report/20260604-080909
Configuration,config/config/site/info,wide,visual-regression,medium,/Users/mike.gifford/drupal-diff/report/20260604-080909/test-results/vrt-config-config-site-info-default-state-wide/config-site-info-diff.png,/Users/mike.gifford/drupal-diff/report/20260604-080909/test-results/vrt-config-config-site-info-default-state-wide/config-site-info-actual.png,/Users/mike.gifford/drupal-diff/report/20260604-080909/test-results/vrt-config-config-site-info-default-state-wide/config-site-info-expected.png,/Users/mike.gifford/drupal-diff/report/20260604-080909
Configuration,config/config/text/formats/basic/html,unknown,visual-regression,medium,/Users/mike.gifford/drupal-diff/report/20260604-080909/test-results/vrt-config-config-text-formats-basic-html-default-state-narrow-dark/config-text-formats-basic-html-diff.png,/Users/mike.gifford/drupal-diff/report/20260604-080909/test-results/vrt-config-config-text-formats-basic-html-default-state-narrow-dark/config-text-formats-basic-html-actual.png,/Users/mike.gifford/drupal-diff/report/20260604-080909/test-results/vrt-config-config-text-formats-basic-html-default-state-narrow-dark/config-text-formats-basic-html-expected.png,/Users/mike.gifford/drupal-diff/report/20260604-080909
Configuration,config/config/text/formats/basic/html,narrow,visual-regression,medium,/Users/mike.gifford/drupal-diff/report/20260604-080909/test-results/vrt-config-config-text-formats-basic-html-default-state-narrow/config-text-formats-basic-html-diff.png,/Users/mike.gifford/drupal-diff/report/20260604-080909/test-results/vrt-config-config-text-formats-basic-html-default-state-narrow/config-text-formats-basic-html-actual.png,/Users/mike.gifford/drupal-diff/report/20260604-080909/test-results/vrt-config-config-text-formats-basic-html-default-state-narrow/config-text-formats-basic-html-expected.png,/Users/mike.gifford/drupal-diff/report/20260604-080909
Configuration,config/config/text/formats/basic/html,unknown,visual-regression,medium,/Users/mike.gifford/drupal-diff/report/20260604-080909/test-results/vrt-config-config-text-formats-basic-html-default-state-wide-dark/config-text-formats-basic-html-diff.png,/Users/mike.gifford/drupal-diff/report/20260604-080909/test-results/vrt-config-config-text-formats-basic-html-default-state-wide-dark/config-text-formats-basic-html-actual.png,/Users/mike.gifford/drupal-diff/report/20260604-080909/test-results/vrt-config-config-text-formats-basic-html-default-state-wide-dark/config-text-formats-basic-html-expected.png,/Users/mike.gifford/drupal-diff/report/20260604-080909
Configuration,config/config/text/formats/basic/html,wide,visual-regression,medium,/Users/mike.gifford/drupal-diff/report/20260604-080909/test-results/vrt-config-config-text-formats-basic-html-default-state-wide/config-text-formats-basic-html-diff.png,/Users/mike.gifford/drupal-diff/report/20260604-080909/test-results/vrt-config-config-text-formats-basic-html-default-state-wide/config-text-formats-basic-html-actual.png,/Users/mike.gifford/drupal-diff/report/20260604-080909/test-results/vrt-config-config-text-formats-basic-html-default-state-wide/config-text-formats-basic-html-expected.png,/Users/mike.gifford/drupal-diff/report/20260604-080909
Configuration,config/config/text/formats,unknown,visual-regression,medium,/Users/mike.gifford/drupal-diff/report/20260604-080909/test-results/vrt-config-config-text-formats-default-state-narrow-dark/config-text-formats-diff.png,/Users/mike.gifford/drupal-diff/report/20260604-080909/test-results/vrt-config-config-text-formats-default-state-narrow-dark/config-text-formats-actual.png,/Users/mike.gifford/drupal-diff/report/20260604-080909/test-results/vrt-config-config-text-formats-default-state-narrow-dark/config-text-formats-expected.png,/Users/mike.gifford/drupal-diff/report/20260604-080909
Configuration,config/config/text/formats,narrow,visual-regression,medium,/Users/mike.gifford/drupal-diff/report/20260604-080909/test-results/vrt-config-config-text-formats-default-state-narrow/config-text-formats-diff.png,/Users/mike.gifford/drupal-diff/report/20260604-080909/test-results/vrt-config-config-text-formats-default-state-narrow/config-text-formats-actual.png,/Users/mike.gifford/drupal-diff/report/20260604-080909/test-results/vrt-config-config-text-formats-default-state-narrow/config-text-formats-expected.png,/Users/mike.gifford/drupal-diff/report/20260604-080909
Configuration,config/config/text/formats,unknown,visual-regression,medium,/Users/mike.gifford/drupal-diff/report/20260604-080909/test-results/vrt-config-config-text-formats-default-state-wide-dark/config-text-formats-diff.png,/Users/mike.gifford/drupal-diff/report/20260604-080909/test-results/vrt-config-config-text-formats-default-state-wide-dark/config-text-formats-actual.png,/Users/mike.gifford/drupal-diff/report/20260604-080909/test-results/vrt-config-config-text-formats-default-state-wide-dark/config-text-formats-expected.png,/Users/mike.gifford/drupal-diff/report/20260604-080909
Configuration,config/config/text/formats,wide,visual-regression,medium,/Users/mike.gifford/drupal-diff/report/20260604-080909/test-results/vrt-config-config-text-formats-default-state-wide/config-text-formats-diff.png,/Users/mike.gifford/drupal-diff/report/20260604-080909/test-results/vrt-config-config-text-formats-default-state-wide/config-text-formats-actual.png,/Users/mike.gifford/drupal-diff/report/20260604-080909/test-results/vrt-config-config-text-formats-default-state-wide/config-text-formats-expected.png,/Users/mike.gifford/drupal-diff/report/20260604-080909
Content,content/content/overview,unknown,visual-regression,medium,/Users/mike.gifford/drupal-diff/report/20260604-080909/test-results/vrt-content-content-overview-default-state-narrow-dark/content-overview-diff.png,/Users/mike.gifford/drupal-diff/report/20260604-080909/test-results/vrt-content-content-overview-default-state-narrow-dark/content-overview-actual.png,/Users/mike.gifford/drupal-diff/report/20260604-080909/test-results/vrt-content-content-overview-default-state-narrow-dark/content-overview-expected.png,/Users/mike.gifford/drupal-diff/report/20260604-080909
Content,content/content/overview,narrow,visual-regression,medium,/Users/mike.gifford/drupal-diff/report/20260604-080909/test-results/vrt-content-content-overview-default-state-narrow/content-overview-diff.png,/Users/mike.gifford/drupal-diff/report/20260604-080909/test-results/vrt-content-content-overview-default-state-narrow/content-overview-actual.png,/Users/mike.gifford/drupal-diff/report/20260604-080909/test-results/vrt-content-content-overview-default-state-narrow/content-overview-expected.png,/Users/mike.gifford/drupal-diff/report/20260604-080909
Content,content/content/overview,unknown,visual-regression,medium,/Users/mike.gifford/drupal-diff/report/20260604-080909/test-results/vrt-content-content-overview-default-state-wide-dark/content-overview-diff.png,/Users/mike.gifford/drupal-diff/report/20260604-080909/test-results/vrt-content-content-overview-default-state-wide-dark/content-overview-actual.png,/Users/mike.gifford/drupal-diff/report/20260604-080909/test-results/vrt-content-content-overview-default-state-wide-dark/content-overview-expected.png,/Users/mike.gifford/drupal-diff/report/20260604-080909
Content,content/content/overview,wide,visual-regression,medium,/Users/mike.gifford/drupal-diff/report/20260604-080909/test-results/vrt-content-content-overview-default-state-wide/content-overview-diff.png,/Users/mike.gifford/drupal-diff/report/20260604-080909/test-results/vrt-content-content-overview-default-state-wide/content-overview-actual.png,/Users/mike.gifford/drupal-diff/report/20260604-080909/test-results/vrt-content-content-overview-default-state-wide/content-overview-expected.png,/Users/mike.gifford/drupal-diff/report/20260604-080909
Content,content/node/add/article,unknown,visual-regression,medium,/Users/mike.gifford/drupal-diff/report/20260604-080909/test-results/vrt-content-node-add-article-default-state-narrow-dark/node-add-article-diff.png,/Users/mike.gifford/drupal-diff/report/20260604-080909/test-results/vrt-content-node-add-article-default-state-narrow-dark/node-add-article-actual.png,/Users/mike.gifford/drupal-diff/report/20260604-080909/test-results/vrt-content-node-add-article-default-state-narrow-dark/node-add-article-expected.png,/Users/mike.gifford/drupal-diff/report/20260604-080909
Content,content/node/add/article,narrow,visual-regression,medium,/Users/mike.gifford/drupal-diff/report/20260604-080909/test-results/vrt-content-node-add-article-default-state-narrow/node-add-article-diff.png,/Users/mike.gifford/drupal-diff/report/20260604-080909/test-results/vrt-content-node-add-article-default-state-narrow/node-add-article-actual.png,/Users/mike.gifford/drupal-diff/report/20260604-080909/test-results/vrt-content-node-add-article-default-state-narrow/node-add-article-expected.png,/Users/mike.gifford/drupal-diff/report/20260604-080909
Content,content/node/add/article,unknown,visual-regression,medium,/Users/mike.gifford/drupal-diff/report/20260604-080909/test-results/vrt-content-node-add-article-default-state-wide-dark/node-add-article-diff.png,/Users/mike.gifford/drupal-diff/report/20260604-080909/test-results/vrt-content-node-add-article-default-state-wide-dark/node-add-article-actual.png,/Users/mike.gifford/drupal-diff/report/20260604-080909/test-results/vrt-content-node-add-article-default-state-wide-dark/node-add-article-expected.png,/Users/mike.gifford/drupal-diff/report/20260604-080909
Content,content/node/add/article,wide,visual-regression,medium,/Users/mike.gifford/drupal-diff/report/20260604-080909/test-results/vrt-content-node-add-article-default-state-wide/node-add-article-diff.png,/Users/mike.gifford/drupal-diff/report/20260604-080909/test-results/vrt-content-node-add-article-default-state-wide/node-add-article-actual.png,/Users/mike.gifford/drupal-diff/report/20260604-080909/test-results/vrt-content-node-add-article-default-state-wide/node-add-article-expected.png,/Users/mike.gifford/drupal-diff/report/20260604-080909
People,people/people/list,unknown,visual-regression,medium,/Users/mike.gifford/drupal-diff/report/20260604-080909/test-results/vrt-people-people-list-default-state-narrow-dark/people-list-diff.png,/Users/mike.gifford/drupal-diff/report/20260604-080909/test-results/vrt-people-people-list-default-state-narrow-dark/people-list-actual.png,/Users/mike.gifford/drupal-diff/report/20260604-080909/test-results/vrt-people-people-list-default-state-narrow-dark/people-list-expected.png,/Users/mike.gifford/drupal-diff/report/20260604-080909
People,people/people/list,narrow,visual-regression,medium,/Users/mike.gifford/drupal-diff/report/20260604-080909/test-results/vrt-people-people-list-default-state-narrow/people-list-diff.png,/Users/mike.gifford/drupal-diff/report/20260604-080909/test-results/vrt-people-people-list-default-state-narrow/people-list-actual.png,/Users/mike.gifford/drupal-diff/report/20260604-080909/test-results/vrt-people-people-list-default-state-narrow/people-list-expected.png,/Users/mike.gifford/drupal-diff/report/20260604-080909
People,people/people/list,unknown,visual-regression,medium,/Users/mike.gifford/drupal-diff/report/20260604-080909/test-results/vrt-people-people-list-default-state-wide-dark/people-list-diff.png,/Users/mike.gifford/drupal-diff/report/20260604-080909/test-results/vrt-people-people-list-default-state-wide-dark/people-list-actual.png,/Users/mike.gifford/drupal-diff/report/20260604-080909/test-results/vrt-people-people-list-default-state-wide-dark/people-list-expected.png,/Users/mike.gifford/drupal-diff/report/20260604-080909
People,people/people/list,wide,visual-regression,medium,/Users/mike.gifford/drupal-diff/report/20260604-080909/test-results/vrt-people-people-list-default-state-wide/people-list-diff.png,/Users/mike.gifford/drupal-diff/report/20260604-080909/test-results/vrt-people-people-list-default-state-wide/people-list-actual.png,/Users/mike.gifford/drupal-diff/report/20260604-080909/test-results/vrt-people-people-list-default-state-wide/people-list-expected.png,/Users/mike.gifford/drupal-diff/report/20260604-080909
People,people/people/permissions,unknown,visual-regression,medium,/Users/mike.gifford/drupal-diff/report/20260604-080909/test-results/vrt-people-people-permissions-default-state-narrow-dark/people-permissions-diff.png,/Users/mike.gifford/drupal-diff/report/20260604-080909/test-results/vrt-people-people-permissions-default-state-narrow-dark/people-permissions-actual.png,/Users/mike.gifford/drupal-diff/report/20260604-080909/test-results/vrt-people-people-permissions-default-state-narrow-dark/people-permissions-expected.png,/Users/mike.gifford/drupal-diff/report/20260604-080909
People,people/people/permissions,narrow,visual-regression,medium,/Users/mike.gifford/drupal-diff/report/20260604-080909/test-results/vrt-people-people-permissions-default-state-narrow/people-permissions-diff.png,/Users/mike.gifford/drupal-diff/report/20260604-080909/test-results/vrt-people-people-permissions-default-state-narrow/people-permissions-actual.png,/Users/mike.gifford/drupal-diff/report/20260604-080909/test-results/vrt-people-people-permissions-default-state-narrow/people-permissions-expected.png,/Users/mike.gifford/drupal-diff/report/20260604-080909
People,people/people/permissions,unknown,visual-regression,medium,/Users/mike.gifford/drupal-diff/report/20260604-080909/test-results/vrt-people-people-permissions-default-state-wide-dark/people-permissions-diff.png,/Users/mike.gifford/drupal-diff/report/20260604-080909/test-results/vrt-people-people-permissions-default-state-wide-dark/people-permissions-actual.png,/Users/mike.gifford/drupal-diff/report/20260604-080909/test-results/vrt-people-people-permissions-default-state-wide-dark/people-permissions-expected.png,/Users/mike.gifford/drupal-diff/report/20260604-080909
People,people/people/permissions,wide,visual-regression,medium,/Users/mike.gifford/drupal-diff/report/20260604-080909/test-results/vrt-people-people-permissions-default-state-wide/people-permissions-diff.png,/Users/mike.gifford/drupal-diff/report/20260604-080909/test-results/vrt-people-people-permissions-default-state-wide/people-permissions-actual.png,/Users/mike.gifford/drupal-diff/report/20260604-080909/test-results/vrt-people-people-permissions-default-state-wide/people-permissions-expected.png,/Users/mike.gifford/drupal-diff/report/20260604-080909
People,people/people/roles,unknown,visual-regression,medium,/Users/mike.gifford/drupal-diff/report/20260604-080909/test-results/vrt-people-people-roles-default-state-narrow-dark/people-roles-diff.png,/Users/mike.gifford/drupal-diff/report/20260604-080909/test-results/vrt-people-people-roles-default-state-narrow-dark/people-roles-actual.png,/Users/mike.gifford/drupal-diff/report/20260604-080909/test-results/vrt-people-people-roles-default-state-narrow-dark/people-roles-expected.png,/Users/mike.gifford/drupal-diff/report/20260604-080909
People,people/people/roles,narrow,visual-regression,medium,/Users/mike.gifford/drupal-diff/report/20260604-080909/test-results/vrt-people-people-roles-default-state-narrow/people-roles-diff.png,/Users/mike.gifford/drupal-diff/report/20260604-080909/test-results/vrt-people-people-roles-default-state-narrow/people-roles-actual.png,/Users/mike.gifford/drupal-diff/report/20260604-080909/test-results/vrt-people-people-roles-default-state-narrow/people-roles-expected.png,/Users/mike.gifford/drupal-diff/report/20260604-080909
People,people/people/roles,unknown,visual-regression,medium,/Users/mike.gifford/drupal-diff/report/20260604-080909/test-results/vrt-people-people-roles-default-state-wide-dark/people-roles-diff.png,/Users/mike.gifford/drupal-diff/report/20260604-080909/test-results/vrt-people-people-roles-default-state-wide-dark/people-roles-actual.png,/Users/mike.gifford/drupal-diff/report/20260604-080909/test-results/vrt-people-people-roles-default-state-wide-dark/people-roles-expected.png,/Users/mike.gifford/drupal-diff/report/20260604-080909
People,people/people/roles,wide,visual-regression,medium,/Users/mike.gifford/drupal-diff/report/20260604-080909/test-results/vrt-people-people-roles-default-state-wide/people-roles-diff.png,/Users/mike.gifford/drupal-diff/report/20260604-080909/test-results/vrt-people-people-roles-default-state-wide/people-roles-actual.png,/Users/mike.gifford/drupal-diff/report/20260604-080909/test-results/vrt-people-people-roles-default-state-wide/people-roles-expected.png,/Users/mike.gifford/drupal-diff/report/20260604-080909
Reports,reports/reports/status,unknown,visual-regression,medium,/Users/mike.gifford/drupal-diff/report/20260604-080909/test-results/vrt-reports-reports-status-default-state-narrow-dark/reports-status-diff.png,/Users/mike.gifford/drupal-diff/report/20260604-080909/test-results/vrt-reports-reports-status-default-state-narrow-dark/reports-status-actual.png,/Users/mike.gifford/drupal-diff/report/20260604-080909/test-results/vrt-reports-reports-status-default-state-narrow-dark/reports-status-expected.png,/Users/mike.gifford/drupal-diff/report/20260604-080909
Reports,reports/reports/status,narrow,visual-regression,medium,/Users/mike.gifford/drupal-diff/report/20260604-080909/test-results/vrt-reports-reports-status-default-state-narrow/reports-status-diff.png,/Users/mike.gifford/drupal-diff/report/20260604-080909/test-results/vrt-reports-reports-status-default-state-narrow/reports-status-actual.png,/Users/mike.gifford/drupal-diff/report/20260604-080909/test-results/vrt-reports-reports-status-default-state-narrow/reports-status-expected.png,/Users/mike.gifford/drupal-diff/report/20260604-080909
Reports,reports/reports/status,unknown,visual-regression,medium,/Users/mike.gifford/drupal-diff/report/20260604-080909/test-results/vrt-reports-reports-status-default-state-wide-dark/reports-status-diff.png,/Users/mike.gifford/drupal-diff/report/20260604-080909/test-results/vrt-reports-reports-status-default-state-wide-dark/reports-status-actual.png,/Users/mike.gifford/drupal-diff/report/20260604-080909/test-results/vrt-reports-reports-status-default-state-wide-dark/reports-status-expected.png,/Users/mike.gifford/drupal-diff/report/20260604-080909
Reports,reports/reports/status,wide,visual-regression,medium,/Users/mike.gifford/drupal-diff/report/20260604-080909/test-results/vrt-reports-reports-status-default-state-wide/reports-status-diff.png,/Users/mike.gifford/drupal-diff/report/20260604-080909/test-results/vrt-reports-reports-status-default-state-wide/reports-status-actual.png,/Users/mike.gifford/drupal-diff/report/20260604-080909/test-results/vrt-reports-reports-status-default-state-wide/reports-status-expected.png,/Users/mike.gifford/drupal-diff/report/20260604-080909
Reports,reports/reports/updates,unknown,visual-regression,medium,/Users/mike.gifford/drupal-diff/report/20260604-080909/test-results/vrt-reports-reports-updates-default-state-narrow-dark/reports-updates-diff.png,/Users/mike.gifford/drupal-diff/report/20260604-080909/test-results/vrt-reports-reports-updates-default-state-narrow-dark/reports-updates-actual.png,/Users/mike.gifford/drupal-diff/report/20260604-080909/test-results/vrt-reports-reports-updates-default-state-narrow-dark/reports-updates-expected.png,/Users/mike.gifford/drupal-diff/report/20260604-080909
Reports,reports/reports/updates,narrow,visual-regression,medium,/Users/mike.gifford/drupal-diff/report/20260604-080909/test-results/vrt-reports-reports-updates-default-state-narrow/reports-updates-diff.png,/Users/mike.gifford/drupal-diff/report/20260604-080909/test-results/vrt-reports-reports-updates-default-state-narrow/reports-updates-actual.png,/Users/mike.gifford/drupal-diff/report/20260604-080909/test-results/vrt-reports-reports-updates-default-state-narrow/reports-updates-expected.png,/Users/mike.gifford/drupal-diff/report/20260604-080909
Reports,reports/reports/updates,unknown,visual-regression,medium,/Users/mike.gifford/drupal-diff/report/20260604-080909/test-results/vrt-reports-reports-updates-default-state-wide-dark/reports-updates-diff.png,/Users/mike.gifford/drupal-diff/report/20260604-080909/test-results/vrt-reports-reports-updates-default-state-wide-dark/reports-updates-actual.png,/Users/mike.gifford/drupal-diff/report/20260604-080909/test-results/vrt-reports-reports-updates-default-state-wide-dark/reports-updates-expected.png,/Users/mike.gifford/drupal-diff/report/20260604-080909
Reports,reports/reports/updates,wide,visual-regression,medium,/Users/mike.gifford/drupal-diff/report/20260604-080909/test-results/vrt-reports-reports-updates-default-state-wide/reports-updates-diff.png,/Users/mike.gifford/drupal-diff/report/20260604-080909/test-results/vrt-reports-reports-updates-default-state-wide/reports-updates-actual.png,/Users/mike.gifford/drupal-diff/report/20260604-080909/test-results/vrt-reports-reports-updates-default-state-wide/reports-updates-expected.png,/Users/mike.gifford/drupal-diff/report/20260604-080909
Structure,structure/structure/block/layout,unknown,visual-regression,medium,/Users/mike.gifford/drupal-diff/report/20260604-080909/test-results/vrt-structure-structure-block-layout-default-state-narrow-dark/structure-block-layout-diff.png,/Users/mike.gifford/drupal-diff/report/20260604-080909/test-results/vrt-structure-structure-block-layout-default-state-narrow-dark/structure-block-layout-actual.png,/Users/mike.gifford/drupal-diff/report/20260604-080909/test-results/vrt-structure-structure-block-layout-default-state-narrow-dark/structure-block-layout-expected.png,/Users/mike.gifford/drupal-diff/report/20260604-080909
Structure,structure/structure/block/layout,narrow,visual-regression,medium,/Users/mike.gifford/drupal-diff/report/20260604-080909/test-results/vrt-structure-structure-block-layout-default-state-narrow/structure-block-layout-diff.png,/Users/mike.gifford/drupal-diff/report/20260604-080909/test-results/vrt-structure-structure-block-layout-default-state-narrow/structure-block-layout-actual.png,/Users/mike.gifford/drupal-diff/report/20260604-080909/test-results/vrt-structure-structure-block-layout-default-state-narrow/structure-block-layout-expected.png,/Users/mike.gifford/drupal-diff/report/20260604-080909
Structure,structure/structure/block/layout,unknown,visual-regression,medium,/Users/mike.gifford/drupal-diff/report/20260604-080909/test-results/vrt-structure-structure-block-layout-default-state-wide-dark/structure-block-layout-diff.png,/Users/mike.gifford/drupal-diff/report/20260604-080909/test-results/vrt-structure-structure-block-layout-default-state-wide-dark/structure-block-layout-actual.png,/Users/mike.gifford/drupal-diff/report/20260604-080909/test-results/vrt-structure-structure-block-layout-default-state-wide-dark/structure-block-layout-expected.png,/Users/mike.gifford/drupal-diff/report/20260604-080909
Structure,structure/structure/block/layout,wide,visual-regression,medium,/Users/mike.gifford/drupal-diff/report/20260604-080909/test-results/vrt-structure-structure-block-layout-default-state-wide/structure-block-layout-diff.png,/Users/mike.gifford/drupal-diff/report/20260604-080909/test-results/vrt-structure-structure-block-layout-default-state-wide/structure-block-layout-actual.png,/Users/mike.gifford/drupal-diff/report/20260604-080909/test-results/vrt-structure-structure-block-layout-default-state-wide/structure-block-layout-expected.png,/Users/mike.gifford/drupal-diff/report/20260604-080909
Structure,structure/structure/co/1c9c0/ticle/display,unknown,visual-regression,medium,/Users/mike.gifford/drupal-diff/report/20260604-080909/test-results/vrt-structure-structure-co-1c9c0-ticle-display-default-state-narrow-dark/structure-content-types-article-display-diff.png,/Users/mike.gifford/drupal-diff/report/20260604-080909/test-results/vrt-structure-structure-co-1c9c0-ticle-display-default-state-narrow-dark/structure-content-types-article-display-actual.png,/Users/mike.gifford/drupal-diff/report/20260604-080909/test-results/vrt-structure-structure-co-1c9c0-ticle-display-default-state-narrow-dark/structure-content-types-article-display-expected.png,/Users/mike.gifford/drupal-diff/report/20260604-080909
Structure,structure/structure/co/1c9c0/ticle/display,narrow,visual-regression,medium,/Users/mike.gifford/drupal-diff/report/20260604-080909/test-results/vrt-structure-structure-co-1c9c0-ticle-display-default-state-narrow/structure-content-types-article-display-diff.png,/Users/mike.gifford/drupal-diff/report/20260604-080909/test-results/vrt-structure-structure-co-1c9c0-ticle-display-default-state-narrow/structure-content-types-article-display-actual.png,/Users/mike.gifford/drupal-diff/report/20260604-080909/test-results/vrt-structure-structure-co-1c9c0-ticle-display-default-state-narrow/structure-content-types-article-display-expected.png,/Users/mike.gifford/drupal-diff/report/20260604-080909
Structure,structure/structure/co/1c9c0/ticle/display,unknown,visual-regression,medium,/Users/mike.gifford/drupal-diff/report/20260604-080909/test-results/vrt-structure-structure-co-1c9c0-ticle-display-default-state-wide-dark/structure-content-types-article-display-diff.png,/Users/mike.gifford/drupal-diff/report/20260604-080909/test-results/vrt-structure-structure-co-1c9c0-ticle-display-default-state-wide-dark/structure-content-types-article-display-actual.png,/Users/mike.gifford/drupal-diff/report/20260604-080909/test-results/vrt-structure-structure-co-1c9c0-ticle-display-default-state-wide-dark/structure-content-types-article-display-expected.png,/Users/mike.gifford/drupal-diff/report/20260604-080909
Structure,structure/structure/co/1c9c0/ticle/display,wide,visual-regression,medium,/Users/mike.gifford/drupal-diff/report/20260604-080909/test-results/vrt-structure-structure-co-1c9c0-ticle-display-default-state-wide/structure-content-types-article-display-diff.png,/Users/mike.gifford/drupal-diff/report/20260604-080909/test-results/vrt-structure-structure-co-1c9c0-ticle-display-default-state-wide/structure-content-types-article-display-actual.png,/Users/mike.gifford/drupal-diff/report/20260604-080909/test-results/vrt-structure-structure-co-1c9c0-ticle-display-default-state-wide/structure-content-types-article-display-expected.png,/Users/mike.gifford/drupal-diff/report/20260604-080909
Structure,structure/structure/co/22e68/rticle/fields,unknown,visual-regression,medium,/Users/mike.gifford/drupal-diff/report/20260604-080909/test-results/vrt-structure-structure-co-22e68-rticle-fields-default-state-narrow-dark/structure-content-types-article-fields-diff.png,/Users/mike.gifford/drupal-diff/report/20260604-080909/test-results/vrt-structure-structure-co-22e68-rticle-fields-default-state-narrow-dark/structure-content-types-article-fields-actual.png,/Users/mike.gifford/drupal-diff/report/20260604-080909/test-results/vrt-structure-structure-co-22e68-rticle-fields-default-state-narrow-dark/structure-content-types-article-fields-expected.png,/Users/mike.gifford/drupal-diff/report/20260604-080909
Structure,structure/structure/co/22e68/rticle/fields,narrow,visual-regression,medium,/Users/mike.gifford/drupal-diff/report/20260604-080909/test-results/vrt-structure-structure-co-22e68-rticle-fields-default-state-narrow/structure-content-types-article-fields-diff.png,/Users/mike.gifford/drupal-diff/report/20260604-080909/test-results/vrt-structure-structure-co-22e68-rticle-fields-default-state-narrow/structure-content-types-article-fields-actual.png,/Users/mike.gifford/drupal-diff/report/20260604-080909/test-results/vrt-structure-structure-co-22e68-rticle-fields-default-state-narrow/structure-content-types-article-fields-expected.png,/Users/mike.gifford/drupal-diff/report/20260604-080909
Structure,structure/structure/co/22e68/rticle/fields,unknown,visual-regression,medium,/Users/mike.gifford/drupal-diff/report/20260604-080909/test-results/vrt-structure-structure-co-22e68-rticle-fields-default-state-wide-dark/structure-content-types-article-fields-diff.png,/Users/mike.gifford/drupal-diff/report/20260604-080909/test-results/vrt-structure-structure-co-22e68-rticle-fields-default-state-wide-dark/structure-content-types-article-fields-actual.png,/Users/mike.gifford/drupal-diff/report/20260604-080909/test-results/vrt-structure-structure-co-22e68-rticle-fields-default-state-wide-dark/structure-content-types-article-fields-expected.png,/Users/mike.gifford/drupal-diff/report/20260604-080909
Structure,structure/structure/co/22e68/rticle/fields,wide,visual-regression,medium,/Users/mike.gifford/drupal-diff/report/20260604-080909/test-results/vrt-structure-structure-co-22e68-rticle-fields-default-state-wide/structure-content-types-article-fields-diff.png,/Users/mike.gifford/drupal-diff/report/20260604-080909/test-results/vrt-structure-structure-co-22e68-rticle-fields-default-state-wide/structure-content-types-article-fields-actual.png,/Users/mike.gifford/drupal-diff/report/20260604-080909/test-results/vrt-structure-structure-co-22e68-rticle-fields-default-state-wide/structure-content-types-article-fields-expected.png,/Users/mike.gifford/drupal-diff/report/20260604-080909
Structure,structure/structure/content/types/article,unknown,visual-regression,medium,/Users/mike.gifford/drupal-diff/report/20260604-080909/test-results/vrt-structure-structure-content-types-article-default-state-narrow-dark/structure-content-types-article-diff.png,/Users/mike.gifford/drupal-diff/report/20260604-080909/test-results/vrt-structure-structure-content-types-article-default-state-narrow-dark/structure-content-types-article-actual.png,/Users/mike.gifford/drupal-diff/report/20260604-080909/test-results/vrt-structure-structure-content-types-article-default-state-narrow-dark/structure-content-types-article-expected.png,/Users/mike.gifford/drupal-diff/report/20260604-080909
Structure,structure/structure/content/types/article,narrow,visual-regression,medium,/Users/mike.gifford/drupal-diff/report/20260604-080909/test-results/vrt-structure-structure-content-types-article-default-state-narrow/structure-content-types-article-diff.png,/Users/mike.gifford/drupal-diff/report/20260604-080909/test-results/vrt-structure-structure-content-types-article-default-state-narrow/structure-content-types-article-actual.png,/Users/mike.gifford/drupal-diff/report/20260604-080909/test-results/vrt-structure-structure-content-types-article-default-state-narrow/structure-content-types-article-expected.png,/Users/mike.gifford/drupal-diff/report/20260604-080909
Structure,structure/structure/content/types/article,unknown,visual-regression,medium,/Users/mike.gifford/drupal-diff/report/20260604-080909/test-results/vrt-structure-structure-content-types-article-default-state-wide-dark/structure-content-types-article-diff.png,/Users/mike.gifford/drupal-diff/report/20260604-080909/test-results/vrt-structure-structure-content-types-article-default-state-wide-dark/structure-content-types-article-actual.png,/Users/mike.gifford/drupal-diff/report/20260604-080909/test-results/vrt-structure-structure-content-types-article-default-state-wide-dark/structure-content-types-article-expected.png,/Users/mike.gifford/drupal-diff/report/20260604-080909
Structure,structure/structure/content/types/article,wide,visual-regression,medium,/Users/mike.gifford/drupal-diff/report/20260604-080909/test-results/vrt-structure-structure-content-types-article-default-state-wide/structure-content-types-article-diff.png,/Users/mike.gifford/drupal-diff/report/20260604-080909/test-results/vrt-structure-structure-content-types-article-default-state-wide/structure-content-types-article-actual.png,/Users/mike.gifford/drupal-diff/report/20260604-080909/test-results/vrt-structure-structure-content-types-article-default-state-wide/structure-content-types-article-expected.png,/Users/mike.gifford/drupal-diff/report/20260604-080909
Structure,structure/structure/content/types,unknown,visual-regression,medium,/Users/mike.gifford/drupal-diff/report/20260604-080909/test-results/vrt-structure-structure-content-types-default-state-narrow-dark/structure-content-types-diff.png,/Users/mike.gifford/drupal-diff/report/20260604-080909/test-results/vrt-structure-structure-content-types-default-state-narrow-dark/structure-content-types-actual.png,/Users/mike.gifford/drupal-diff/report/20260604-080909/test-results/vrt-structure-structure-content-types-default-state-narrow-dark/structure-content-types-expected.png,/Users/mike.gifford/drupal-diff/report/20260604-080909
Structure,structure/structure/content/types,narrow,visual-regression,medium,/Users/mike.gifford/drupal-diff/report/20260604-080909/test-results/vrt-structure-structure-content-types-default-state-narrow/structure-content-types-diff.png,/Users/mike.gifford/drupal-diff/report/20260604-080909/test-results/vrt-structure-structure-content-types-default-state-narrow/structure-content-types-actual.png,/Users/mike.gifford/drupal-diff/report/20260604-080909/test-results/vrt-structure-structure-content-types-default-state-narrow/structure-content-types-expected.png,/Users/mike.gifford/drupal-diff/report/20260604-080909
Structure,structure/structure/content/types,unknown,visual-regression,medium,/Users/mike.gifford/drupal-diff/report/20260604-080909/test-results/vrt-structure-structure-content-types-default-state-wide-dark/structure-content-types-diff.png,/Users/mike.gifford/drupal-diff/report/20260604-080909/test-results/vrt-structure-structure-content-types-default-state-wide-dark/structure-content-types-actual.png,/Users/mike.gifford/drupal-diff/report/20260604-080909/test-results/vrt-structure-structure-content-types-default-state-wide-dark/structure-content-types-expected.png,/Users/mike.gifford/drupal-diff/report/20260604-080909
Structure,structure/structure/content/types,wide,visual-regression,medium,/Users/mike.gifford/drupal-diff/report/20260604-080909/test-results/vrt-structure-structure-content-types-default-state-wide/structure-content-types-diff.png,/Users/mike.gifford/drupal-diff/report/20260604-080909/test-results/vrt-structure-structure-content-types-default-state-wide/structure-content-types-actual.png,/Users/mike.gifford/drupal-diff/report/20260604-080909/test-results/vrt-structure-structure-content-types-default-state-wide/structure-content-types-expected.png,/Users/mike.gifford/drupal-diff/report/20260604-080909
Structure,structure/structure/menu/admin,unknown,visual-regression,medium,/Users/mike.gifford/drupal-diff/report/20260604-080909/test-results/vrt-structure-structure-menu-admin-default-state-narrow-dark/structure-menu-admin-diff.png,/Users/mike.gifford/drupal-diff/report/20260604-080909/test-results/vrt-structure-structure-menu-admin-default-state-narrow-dark/structure-menu-admin-actual.png,/Users/mike.gifford/drupal-diff/report/20260604-080909/test-results/vrt-structure-structure-menu-admin-default-state-narrow-dark/structure-menu-admin-expected.png,/Users/mike.gifford/drupal-diff/report/20260604-080909
Structure,structure/structure/menu/admin,narrow,visual-regression,medium,/Users/mike.gifford/drupal-diff/report/20260604-080909/test-results/vrt-structure-structure-menu-admin-default-state-narrow/structure-menu-admin-diff.png,/Users/mike.gifford/drupal-diff/report/20260604-080909/test-results/vrt-structure-structure-menu-admin-default-state-narrow/structure-menu-admin-actual.png,/Users/mike.gifford/drupal-diff/report/20260604-080909/test-results/vrt-structure-structure-menu-admin-default-state-narrow/structure-menu-admin-expected.png,/Users/mike.gifford/drupal-diff/report/20260604-080909
Structure,structure/structure/menu/admin,unknown,visual-regression,medium,/Users/mike.gifford/drupal-diff/report/20260604-080909/test-results/vrt-structure-structure-menu-admin-default-state-wide-dark/structure-menu-admin-diff.png,/Users/mike.gifford/drupal-diff/report/20260604-080909/test-results/vrt-structure-structure-menu-admin-default-state-wide-dark/structure-menu-admin-actual.png,/Users/mike.gifford/drupal-diff/report/20260604-080909/test-results/vrt-structure-structure-menu-admin-default-state-wide-dark/structure-menu-admin-expected.png,/Users/mike.gifford/drupal-diff/report/20260604-080909
Structure,structure/structure/menu/admin,wide,visual-regression,medium,/Users/mike.gifford/drupal-diff/report/20260604-080909/test-results/vrt-structure-structure-menu-admin-default-state-wide/structure-menu-admin-diff.png,/Users/mike.gifford/drupal-diff/report/20260604-080909/test-results/vrt-structure-structure-menu-admin-default-state-wide/structure-menu-admin-actual.png,/Users/mike.gifford/drupal-diff/report/20260604-080909/test-results/vrt-structure-structure-menu-admin-default-state-wide/structure-menu-admin-expected.png,/Users/mike.gifford/drupal-diff/report/20260604-080909
Structure,structure/structure/menus,unknown,visual-regression,medium,/Users/mike.gifford/drupal-diff/report/20260604-080909/test-results/vrt-structure-structure-menus-default-state-narrow-dark/structure-menus-diff.png,/Users/mike.gifford/drupal-diff/report/20260604-080909/test-results/vrt-structure-structure-menus-default-state-narrow-dark/structure-menus-actual.png,/Users/mike.gifford/drupal-diff/report/20260604-080909/test-results/vrt-structure-structure-menus-default-state-narrow-dark/structure-menus-expected.png,/Users/mike.gifford/drupal-diff/report/20260604-080909
Structure,structure/structure/menus,narrow,visual-regression,medium,/Users/mike.gifford/drupal-diff/report/20260604-080909/test-results/vrt-structure-structure-menus-default-state-narrow/structure-menus-diff.png,/Users/mike.gifford/drupal-diff/report/20260604-080909/test-results/vrt-structure-structure-menus-default-state-narrow/structure-menus-actual.png,/Users/mike.gifford/drupal-diff/report/20260604-080909/test-results/vrt-structure-structure-menus-default-state-narrow/structure-menus-expected.png,/Users/mike.gifford/drupal-diff/report/20260604-080909
Structure,structure/structure/menus,unknown,visual-regression,medium,/Users/mike.gifford/drupal-diff/report/20260604-080909/test-results/vrt-structure-structure-menus-default-state-wide-dark/structure-menus-diff.png,/Users/mike.gifford/drupal-diff/report/20260604-080909/test-results/vrt-structure-structure-menus-default-state-wide-dark/structure-menus-actual.png,/Users/mike.gifford/drupal-diff/report/20260604-080909/test-results/vrt-structure-structure-menus-default-state-wide-dark/structure-menus-expected.png,/Users/mike.gifford/drupal-diff/report/20260604-080909
Structure,structure/structure/menus,wide,visual-regression,medium,/Users/mike.gifford/drupal-diff/report/20260604-080909/test-results/vrt-structure-structure-menus-default-state-wide/structure-menus-diff.png,/Users/mike.gifford/drupal-diff/report/20260604-080909/test-results/vrt-structure-structure-menus-default-state-wide/structure-menus-actual.png,/Users/mike.gifford/drupal-diff/report/20260604-080909/test-results/vrt-structure-structure-menus-default-state-wide/structure-menus-expected.png,/Users/mike.gifford/drupal-diff/report/20260604-080909
Structure,structure/structure/overview,unknown,visual-regression,medium,/Users/mike.gifford/drupal-diff/report/20260604-080909/test-results/vrt-structure-structure-overview-default-state-narrow-dark/structure-overview-diff.png,/Users/mike.gifford/drupal-diff/report/20260604-080909/test-results/vrt-structure-structure-overview-default-state-narrow-dark/structure-overview-actual.png,/Users/mike.gifford/drupal-diff/report/20260604-080909/test-results/vrt-structure-structure-overview-default-state-narrow-dark/structure-overview-expected.png,/Users/mike.gifford/drupal-diff/report/20260604-080909
Structure,structure/structure/overview,narrow,visual-regression,medium,/Users/mike.gifford/drupal-diff/report/20260604-080909/test-results/vrt-structure-structure-overview-default-state-narrow/structure-overview-diff.png,/Users/mike.gifford/drupal-diff/report/20260604-080909/test-results/vrt-structure-structure-overview-default-state-narrow/structure-overview-actual.png,/Users/mike.gifford/drupal-diff/report/20260604-080909/test-results/vrt-structure-structure-overview-default-state-narrow/structure-overview-expected.png,/Users/mike.gifford/drupal-diff/report/20260604-080909
Structure,structure/structure/overview,unknown,visual-regression,medium,/Users/mike.gifford/drupal-diff/report/20260604-080909/test-results/vrt-structure-structure-overview-default-state-wide-dark/structure-overview-diff.png,/Users/mike.gifford/drupal-diff/report/20260604-080909/test-results/vrt-structure-structure-overview-default-state-wide-dark/structure-overview-actual.png,/Users/mike.gifford/drupal-diff/report/20260604-080909/test-results/vrt-structure-structure-overview-default-state-wide-dark/structure-overview-expected.png,/Users/mike.gifford/drupal-diff/report/20260604-080909
Structure,structure/structure/overview,wide,visual-regression,medium,/Users/mike.gifford/drupal-diff/report/20260604-080909/test-results/vrt-structure-structure-overview-default-state-wide/structure-overview-diff.png,/Users/mike.gifford/drupal-diff/report/20260604-080909/test-results/vrt-structure-structure-overview-default-state-wide/structure-overview-actual.png,/Users/mike.gifford/drupal-diff/report/20260604-080909/test-results/vrt-structure-structure-overview-default-state-wide/structure-overview-expected.png,/Users/mike.gifford/drupal-diff/report/20260604-080909
Structure,structure/structure/taxonomy,unknown,visual-regression,medium,/Users/mike.gifford/drupal-diff/report/20260604-080909/test-results/vrt-structure-structure-taxonomy-default-state-narrow-dark/structure-taxonomy-diff.png,/Users/mike.gifford/drupal-diff/report/20260604-080909/test-results/vrt-structure-structure-taxonomy-default-state-narrow-dark/structure-taxonomy-actual.png,/Users/mike.gifford/drupal-diff/report/20260604-080909/test-results/vrt-structure-structure-taxonomy-default-state-narrow-dark/structure-taxonomy-expected.png,/Users/mike.gifford/drupal-diff/report/20260604-080909
Structure,structure/structure/taxonomy,narrow,visual-regression,medium,/Users/mike.gifford/drupal-diff/report/20260604-080909/test-results/vrt-structure-structure-taxonomy-default-state-narrow/structure-taxonomy-diff.png,/Users/mike.gifford/drupal-diff/report/20260604-080909/test-results/vrt-structure-structure-taxonomy-default-state-narrow/structure-taxonomy-actual.png,/Users/mike.gifford/drupal-diff/report/20260604-080909/test-results/vrt-structure-structure-taxonomy-default-state-narrow/structure-taxonomy-expected.png,/Users/mike.gifford/drupal-diff/report/20260604-080909
Structure,structure/structure/taxonomy,unknown,visual-regression,medium,/Users/mike.gifford/drupal-diff/report/20260604-080909/test-results/vrt-structure-structure-taxonomy-default-state-wide-dark/structure-taxonomy-diff.png,/Users/mike.gifford/drupal-diff/report/20260604-080909/test-results/vrt-structure-structure-taxonomy-default-state-wide-dark/structure-taxonomy-actual.png,/Users/mike.gifford/drupal-diff/report/20260604-080909/test-results/vrt-structure-structure-taxonomy-default-state-wide-dark/structure-taxonomy-expected.png,/Users/mike.gifford/drupal-diff/report/20260604-080909
Structure,structure/structure/taxonomy,wide,visual-regression,medium,/Users/mike.gifford/drupal-diff/report/20260604-080909/test-results/vrt-structure-structure-taxonomy-default-state-wide/structure-taxonomy-diff.png,/Users/mike.gifford/drupal-diff/report/20260604-080909/test-results/vrt-structure-structure-taxonomy-default-state-wide/structure-taxonomy-actual.png,/Users/mike.gifford/drupal-diff/report/20260604-080909/test-results/vrt-structure-structure-taxonomy-default-state-wide/structure-taxonomy-expected.png,/Users/mike.gifford/drupal-diff/report/20260604-080909
Structure,structure/structure/views/content,unknown,visual-regression,medium,/Users/mike.gifford/drupal-diff/report/20260604-080909/test-results/vrt-structure-structure-views-content-default-state-narrow-dark/structure-views-content-diff.png,/Users/mike.gifford/drupal-diff/report/20260604-080909/test-results/vrt-structure-structure-views-content-default-state-narrow-dark/structure-views-content-actual.png,/Users/mike.gifford/drupal-diff/report/20260604-080909/test-results/vrt-structure-structure-views-content-default-state-narrow-dark/structure-views-content-expected.png,/Users/mike.gifford/drupal-diff/report/20260604-080909
Structure,structure/structure/views/content,narrow,visual-regression,medium,/Users/mike.gifford/drupal-diff/report/20260604-080909/test-results/vrt-structure-structure-views-content-default-state-narrow/structure-views-content-diff.png,/Users/mike.gifford/drupal-diff/report/20260604-080909/test-results/vrt-structure-structure-views-content-default-state-narrow/structure-views-content-actual.png,/Users/mike.gifford/drupal-diff/report/20260604-080909/test-results/vrt-structure-structure-views-content-default-state-narrow/structure-views-content-expected.png,/Users/mike.gifford/drupal-diff/report/20260604-080909
Structure,structure/structure/views/content,unknown,visual-regression,medium,/Users/mike.gifford/drupal-diff/report/20260604-080909/test-results/vrt-structure-structure-views-content-default-state-wide-dark/structure-views-content-diff.png,/Users/mike.gifford/drupal-diff/report/20260604-080909/test-results/vrt-structure-structure-views-content-default-state-wide-dark/structure-views-content-actual.png,/Users/mike.gifford/drupal-diff/report/20260604-080909/test-results/vrt-structure-structure-views-content-default-state-wide-dark/structure-views-content-expected.png,/Users/mike.gifford/drupal-diff/report/20260604-080909
Structure,structure/structure/views/content,wide,visual-regression,medium,/Users/mike.gifford/drupal-diff/report/20260604-080909/test-results/vrt-structure-structure-views-content-default-state-wide/structure-views-content-diff.png,/Users/mike.gifford/drupal-diff/report/20260604-080909/test-results/vrt-structure-structure-views-content-default-state-wide/structure-views-content-actual.png,/Users/mike.gifford/drupal-diff/report/20260604-080909/test-results/vrt-structure-structure-views-content-default-state-wide/structure-views-content-expected.png,/Users/mike.gifford/drupal-diff/report/20260604-080909
Structure,structure/structure/views,unknown,visual-regression,medium,/Users/mike.gifford/drupal-diff/report/20260604-080909/test-results/vrt-structure-structure-views-default-state-narrow-dark/structure-views-diff.png,/Users/mike.gifford/drupal-diff/report/20260604-080909/test-results/vrt-structure-structure-views-default-state-narrow-dark/structure-views-actual.png,/Users/mike.gifford/drupal-diff/report/20260604-080909/test-results/vrt-structure-structure-views-default-state-narrow-dark/structure-views-expected.png,/Users/mike.gifford/drupal-diff/report/20260604-080909
Structure,structure/structure/views,narrow,visual-regression,medium,/Users/mike.gifford/drupal-diff/report/20260604-080909/test-results/vrt-structure-structure-views-default-state-narrow/structure-views-diff.png,/Users/mike.gifford/drupal-diff/report/20260604-080909/test-results/vrt-structure-structure-views-default-state-narrow/structure-views-actual.png,/Users/mike.gifford/drupal-diff/report/20260604-080909/test-results/vrt-structure-structure-views-default-state-narrow/structure-views-expected.png,/Users/mike.gifford/drupal-diff/report/20260604-080909
Structure,structure/structure/views,unknown,visual-regression,medium,/Users/mike.gifford/drupal-diff/report/20260604-080909/test-results/vrt-structure-structure-views-default-state-wide-dark/structure-views-diff.png,/Users/mike.gifford/drupal-diff/report/20260604-080909/test-results/vrt-structure-structure-views-default-state-wide-dark/structure-views-actual.png,/Users/mike.gifford/drupal-diff/report/20260604-080909/test-results/vrt-structure-structure-views-default-state-wide-dark/structure-views-expected.png,/Users/mike.gifford/drupal-diff/report/20260604-080909
Structure,structure/structure/views,wide,visual-regression,medium,/Users/mike.gifford/drupal-diff/report/20260604-080909/test-results/vrt-structure-structure-views-default-state-wide/structure-views-diff.png,/Users/mike.gifford/drupal-diff/report/20260604-080909/test-results/vrt-structure-structure-views-default-state-wide/structure-views-actual.png,/Users/mike.gifford/drupal-diff/report/20260604-080909/test-results/vrt-structure-structure-views-default-state-wide/structure-views-expected.png,/Users/mike.gifford/drupal-diff/report/20260604-080909
